date,session,exercise,weight_lb,set1_reps,set2_reps,set3_reps,set4_reps,notes
2026-10-02,Old,Dumbbell curl,25,11,11,11,,Forgot the A list; did the old Powerfully Fit routine
2026-10-02,Old,Dumbbell side lateral raise,15,11,11,11,,
2026-10-02,Old,Leg press,110,11,11,11,,
2026-10-02,Old,Leg curl,65,11,11,11,,Reported as hamstring press
2026-10-02,Old,Overhead press,60,11,11,11,,
2026-10-02,Old,Seated cable row,90,11,11,11,11,
2026-10-02,Old,Barbell bench press,105,11,11,11,,60 lb of plates plus the bar; assumes a standard 45 lb bar (confirm)
2026-10-02,Old,Triceps pushdown,40,11,11,11,,
2026-10-02,Old,Captain's chair knee raise,,15,15,15,15,Bodyweight
